Eksperyment,t1,t2,M,Tsr,Ired
Bez Tarczy m1,3.12,3.09,1.45,3.105,0.00920102839081407
Bez Tarczy m2,1.55,1.55,2.18,1.55,0.005893457552047004
Tarcza A m1,4.31,4.35,1.45,4.33,0.017893238654244123
Tarcza A m2,2.05,2.03,2.18,2.04,0.010208621414609285
